Product_ID,Product_Description,Brand,Product_Group,Best_Model,Best_Price,Predicted_Units,Expected_Revenue,Model_R2,Price_Units_Correlation,RMSE,MAE
1370997,DDDM853-10LICUADORA10VELCROMO,OSTER,LICUADORA,XGBoost,1400,27,37727,1.0,0.5833057693989309,0.0015454566184029328,0.0011759987743950428
1585561,PSI51BB0PARRILLAGAS4QBCO,IEM,PARRILLA GAS MESA,XGBoost,1600,78,123897,0.9999745488166809,-0.5486047815625799,0.0820402267258131,0.05897225678422069
1667382,FFF004954-011-090VASOVIDCLATAPAYC,OSTER,REFACCIONES,XGBoost,303,13,3831,0.9999997615814209,0.4575999659920174,0.0017175377690167972,0.0013975143432617188
1707028,10KCILINDRODEGASDISA,DISA,CILINDRO DE GAS,XGBoost,1700,81,137158,0.999998152256012,-0.49838700280659387,0.05072740225449444,0.037680109038607766
1793779,WM1211DMICROONDAS1.1PSILVER,WHIRLPOOL,HORNO MICROONDAS,XGBoost,2200,466,1008859,0.9999867081642151,-0.5206932268042526,0.3379675573837434,0.24518841823548762
1814452,002523-013-000FUENTEDESODASVERDE,OSTER,CHOCOMILERA ELECTRIC,XGBoost,2300,131,297266,0.9999942779541016,-0.568191095019115,0.07596202941672167,0.055159961260282074
1850931,PAQARIELPAQPLANCHARIEL/MERCUYBURRO,TAURUS,PAQUETE ELECTRODOMES,XGBoost,482,197,95113,0.9999930262565613,-0.5764385663019342,0.09017690736423588,0.06534698355288907
2071695,UME0114MB/XAXMICROONDAS1.1PINOX,SAMSUNG,HORNO MICROONDAS,XGBoost,3000,9,27480,0.9999999403953552,-0.40519413426750966,0.0017602497660480422,0.0013145148754119874
2226990,SHTAW5300DESTUFA20PCERILLOGASINOX,ACROS,ESTUFA 20P CERILLO D,XGBoost,5400,12,66371,0.9999998807907104,-0.4054273298197692,0.0019070430635105497,0.0014488188662867556
2317805,RMA300FXMRQ0UT11SILVER,MABE,REF AUTOM 2PT 11FT,XGBoost,9000,50,448528,0.9999970197677612,-0.5565710717604181,0.038044003580524656,0.026794987249877153
2320355,FPSTRM2523R-013FUENTEDESODASROJA,OSTER,CHOCOMILERA ELECTRIC,XGBoost,2300,83,193874,0.9999925494194031,-0.40918232529953846,0.0684834186707751,0.0489460511971976
2329604,LRE19MLAVRED19KMORADA,EASY,LAV MANUAL 19KG A 21,XGBoost,3900,87,339882,0.9999915957450867,-0.4603159992810553,0.06747887043620382,0.04896375969166064
2365459,SHTALF1551EGLAVADORAREDONDA15KGRIS,ACROS,LAV MANUAL 15KG A 18,XGBoost,3300,94,312705,0.9999828338623047,-0.4610857512681017,0.08501334790119891,0.058682184952955976
2365460,ALF1551ERLAVADORAREDONDA15KROSA,ACROS,LAV MANUAL 15KG A 18,XGBoost,4000,23,93155,0.9999939203262329,-0.43455411011764583,0.02203886938164287,0.015331215563073623
2365462,ALF2253ECLAVADORAREDONDA22KROJA,ACROS,LAV MANUAL 22KG O MA,XGBoost,4100,160,647432,0.9999917149543762,-0.4747511944997336,0.09198383460055215,0.07108611914947743
2365463,ALF2253EGLAVADORAREDONDA22KGRIS,ACROS,LAV MANUAL 22KG O MA,XGBoost,3900,495,1908550,0.999995231628418,-0.42384065657567654,0.1469752554366651,0.10810309876012437
2377756,DDDAF5434DESTUFA30PGASENCELECGRI,ACROS,ESTUFA 30P ENC ELECT,XGBoost,5400,3,15146,0.9999999403953552,-0.4503634300332017,0.0018526035410211604,0.0014945300492016894
2380084,LMA71214VBABLAVADORA21KGBCO,MABE,LAV. AUTOM 21KG,XGBoost,9800,251,2465839,0.9999926090240479,-0.4612799302640019,0.08009917278615757,0.06202916653101681
2385662,WH7610SCAMPANA76CMINOX,WHIRLPOOL,CAMPANA,XGBoost,2700,18,47399,0.9999932646751404,-0.4774086871645995,0.017194625284368,0.012423779143661749
2419712,LMA79113VBAB0LAVAUTOM19KGBCO,MABE,LAV. AUTOM 19KG,XGBoost,8200,114,934590,0.9999847412109375,-0.48284243001361493,0.10900160659900666,0.08365516149997711
2453301,64699BATIDORAPEDESTAL3ACCE,HAMILTON BEACH,BATIDORA ELECTRICA,XGBoost,657,79,52058,0.999992847442627,-0.5438436311926922,0.049537090313315144,0.03569033879500169
2470699,MGE07SEJMICROONDAS0.7CUFTGEESP,G. E.,HORNO MICROONDAS,XGBoost,1700,112,186098,0.999987781047821,-0.48367970249223563,0.08855919889193682,0.06290507862586102
2492356,LMA76112CBAB0LAVAUT16KGBCO,MABE,LAV AUTOM 14KG A 17K,XGBoost,8300,36,297069,0.9999934434890747,-0.4975800582848152,0.021671448813455927,0.015244135489830604
2504164,RR63D6WGXREF1PTA7PSILVER,HISENSE,REF SEM 1PT 6FT A 9F,XGBoost,4100,547,2256394,0.9999957084655762,-0.6476196470906451,0.12967028928120594,0.09165472656715917
2520727,HKM-1000HORNOELECTRICO10LINOX,KOBLENZ,HORNO ELECTRICO,XGBoost,822,35,28696,0.9999959468841553,-0.40310751266253125,0.025776712919521466,0.019059870594231657
2525165,DDDEI5020BAPS0ESTUFAGAS20PSILVER,IEM,ESTUFA 20P CERILLO D,XGBoost,4400,15,65799,0.9999999403953552,0.44404533498125054,0.0017665584566371054,0.0014217651269578743
2544621,DDDHY2000APARRILAELECTRDOBLEMWBCO,RCA,HORNILLA ELECTRICA,XGBoost,382,39,14760,0.9999980926513672,0.4030311524448231,0.024511678689984277,0.018217641447687095
2548069,LMA72215CBAB0LAVADORA22KBCA,MABE,LAV. AUTOM 22KG,XGBoost,10600,141,1501602,0.9999977350234985,-0.47196219683692286,0.08520469942341302,0.06182578865808385
2564754,450010000LICUADORACLASIC1VVIDIN,OSTER,LICUADORA,XGBoost,1300,41,52672,0.9999905824661255,-0.4531507920702518,0.04553232296133801,0.03301356939169077
2595365,8MWTW1612MJQLAVAUT16KBCO,WHIRLPOOL,LAV AUTOM 14KG A 17K,XGBoost,6900,136,937449,0.9999916553497314,-0.6006351440420407,0.07267650081149143,0.05469935069712557
2595367,8MWTW1713MJQLAVAUT17KBCO,WHIRLPOOL,LAV AUTOM 14KG A 17K,XGBoost,6700,245,1646334,0.9999975562095642,-0.7045329285280169,0.053713797225967835,0.040646693503209784
2595368,8MWTW1813MJMLAVAUT18KBCO,WHIRLPOOL,LAV. AUTOM 18KG,XGBoost,8000,72,573449,0.999770998954773,-0.5538575272525886,0.39988133827177363,0.14774740203641928
2595369,8MWTW1823WJMLAVAUT18KBCO,WHIRLPOOL,LAV. AUTOM 18KG,XGBoost,8400,120,1008275,0.9999995231628418,-0.5637273063607509,0.049482414352132555,0.03529577874220335
2595371,8MWTW1934MJMLAVAUT19KBCO,WHIRLPOOL,LAV. AUTOM 19KG,XGBoost,9800,57,555922,0.9999926090240479,-0.4719526149665829,0.047652351310282025,0.03691012344713653
2595372,8MWTW2024MJMLAVAUT20KBCO,WHIRLPOOL,LAV. AUTOM 20KG,XGBoost,8900,110,982906,0.9999969005584717,-0.6391116876310606,0.06274850363389751,0.041680252741253566
2595374,8MWTW2231WJBLAVAUT22KBCO,WHIRLPOOL,LAV. AUTOM 22KG,XGBoost,12100,32,383635,0.9999970197677612,-0.5337874556844826,0.021570293931409745,0.016445900740412373
2609159,DDDGT32BDCREFRI11PSILVER,LG,REF AUTOM 2PT 11FT,XGBoost,8600,104,890203,0.9999995827674866,-0.5819817660174462,0.029800856711010813,0.02202258849966115
2619034,DDDEM7654BFIS1ESTUFADEPISO76CMPLA,MABE,ESTUFA 30P ENC ELECT,XGBoost,8300,22,185921,0.9999999403953552,0.4926191551709493,0.002419086250929601,0.0018857588707390479
2619053,DDDIR23972PLANCHAPEARLGLIDE,BLACK AND DECKER,PLANCHA,XGBoost,831,13,10885,0.9999999403953552,0.6949466535062184,0.00268177105205079,0.0019720648274277196
2628907,WFR3400DESTUFA30PEEGRIS,WHIRLPOOL,ESTUFA 30P ENC ELECT,XGBoost,6900,419,2898440,0.9999922513961792,-0.5403253834506965,0.12567851495572352,0.09620780617226171
2629386,CT680NGALICUAINTELSENSEKITCHSYST,NINJA,LICUADORA,XGBoost,5500,61,336334,0.9999997615814209,-0.48163034942634747,0.009184917068321594,0.006308510330946822
2629962,8MWTW2024WJMLAVAUT20KBCA/GRIS,WHIRLPOOL,LAV. AUTOM 20KG,XGBoost,8400,167,1393674,0.9999960660934448,-0.42292826519610877,0.09262899657510247,0.06813902671520526
2630983,BL1BKDMXINOXMINIPROCESACTIMIX,TEFAL,PROCESADOR ELECTRICO,XGBoost,1100,39,41751,0.9999721050262451,-0.4385231495977072,0.052063962275519626,0.03427535854279995
2634467,DDD40H5GNGO40PFHDSMARTTV,HISENSE,PANTALLAS 40 - 43 PU,XGBoost,6400,13,83666,1.0,0.49913007903528306,0.0012639186196553498,0.0010263540528037331
2636108,LMA78112CBAB0BCALAVAUT18K,MABE,LAV. AUTOM 18KG,XGBoost,7300,489,3568442,0.9999979138374329,-0.6304411880585541,0.07151481213529888,0.05112980695871206
2637778,PEKM-1000EGBCOHORNILLAELECTRICA1Q,KOBLENZ,HORNILLA ELECTRICA,XGBoost,185,79,14593,0.9999955296516418,-0.5294493442049648,0.05499476871526748,0.040117456712795575
2637781,LN283BMXGRISPOWERMIX2FUNCIONESV/VI,TEFAL,LICUADORA,XGBoost,419,264,110550,0.9999908208847046,-0.6469341908360295,0.09680425998055145,0.06907174059452902
2642437,LRKF21PLAVMAN21KTHALIA,KOBLENZ,LAV MANUAL 19KG A 21,XGBoost,3500,724,2518423,0.999995768070221,-0.6103390535227218,0.1946483245056273,0.1465203816654118
2642446,IR1920PLANCHAVAPORENUNPASOCONTECN,BLACK AND DECKER,PLANCHA,XGBoost,536,32,17296,0.9999963045120239,-0.4231390155915149,0.020403210387297803,0.015080932527780533
2667251,LT57BPSXREFAUT20PSILVER,LG,REF AU 2PT 19FT O MA,XGBoost,12700,89,1131478,0.9999983310699463,-0.41741824622242146,0.04920757521523979,0.03656853895920974
2674060,RC-093BLANCOBATIDORAMANUAL7V,RCA,BATIDORA ELECTRICA,XGBoost,258,44,11440,0.9999968409538269,-0.4377447430940962,0.030804390879249643,0.022687687027838924
2677640,CMPU761GX0CAMPANA76CMSILVER,MABE,CAMPANA,XGBoost,1800,59,105060,0.9999933242797852,-0.4252176840563304,0.031614148402534396,0.0236493128996629
2677644,DDDRME360FGMRS0REFAUTDESP14PSILVER,MABE,REF AUTOM 2PT 14FT,XGBoost,12800,33,425070,1.0,0.4058321257535111,0.0018585228241941225,0.0013416642349006402
2677646,DDDRME360PVMRE0REFAUT14PSILVER,MABE,REF AUTOM 2PT 14FT,XGBoost,11900,33,388438,1.0,0.512474418476399,0.0017025692991068755,0.0012287096595209018
2679826,DDDEM7657CSIS1ESTUFA30PENCELECCA,MABE,ESTUFA 30P ENC ELECT,XGBoost,9500,27,256105,0.9999999403953552,0.5569920889693654,0.003493156748892796,0.0025683256887620493
2683649,DDDEM7622BAPS1ESTUFA30PCERILLOSILVE,MABE,ESTUFA 30P CERILLO,XGBoost,6700,23,153949,0.9999999403953552,0.6011280086863352,0.0014363299350267944,0.0010936288845500555
2691337,LH43BETMLGKXZX43PFULLHDSMARTVAL,SAMSUNG,PANTALLAS 40 - 43 PU,XGBoost,5400,456,2457196,0.999998152256012,-0.6702615485688819,0.08692854455702442,0.06345479360973562
2691341,DDDUN43AU7000FXZX4KUHDBTHDRGOOGL,SAMSUNG,PANTALLAS 40 - 43 PU,XGBoost,8200,42,348431,0.999414324760437,0.6644150385263377,0.43548365554632995,0.07301792502403259
2691342,DDDUN50AU7000FXZX4KUHDBTHDRALEXAGO,SAMSUNG,PANTALLAS 48 - 50 PU,XGBoost,9900,60,592164,0.9999997615814209,0.6326628051125838,0.012093601508253345,0.00876961127958364
2691655,8MWTW2224WJMLAVAUT22KBCO/GRIS,WHIRLPOOL,LAV. AUTOM 22KG,XGBoost,9400,107,1008726,0.9999944567680359,-0.6484890552436047,0.05976941359449353,0.04384296429157257
2696997,MGE09SEJESPEJOHORNOMICROONDAS.9,G. E.,HORNO MICROONDAS,XGBoost,2100,99,205271,0.9999940395355225,-0.5657526110227873,0.09156708973740692,0.06845833719238754
2698633,DDDDMDP11S2BGSILVERHORNOMICROONDAS1,DAEWOO,HORNO MICROONDAS,XGBoost,2800,11,31463,0.9999999403953552,0.5803604636820804,0.0019623242122521808,0.0015337380495938388
2701260,DDD43S44343P4KROKUTV,TCL,PANTALLAS 40 - 43 PU,XGBoost,6400,54,346353,1.0,0.6163035375144306,0.0023788159491647453,0.0018827070163775093
2703787,DDD43A4GR43PFHDROKU,HISENSE,PANTALLAS 40 - 43 PU,XGBoost,6500,48,313441,1.0,0.5055379812377258,0.0017647653726641825,0.0013120532035827636
2708117,DDDUN55AU7000FXZX4KUHDBTHDRALEXAG,SAMSUNG,PANTALLAS 55-58 PULG,XGBoost,11400,45,514893,1.0,0.6030699732530819,0.0026299908739848355,0.001853791637143168
2709425,GCSTBS3802013LAVANDAPLANCHAORDSER,OSTER,PLANCHA,XGBoost,230,118,27137,0.999973475933075,-0.46523883993910614,0.09076866653643158,0.06565740272289014
2713440,BLSTBESTR013LICUACLASICATOGGLEREROJ,OSTER,LICUADORA,XGBoost,1500,162,240731,0.9999912977218628,-0.7076879799754298,0.07581439354014984,0.059313515670426926
2717435,DDD40A345ANDROIDTVFHDBTCHROMECAST,TCL,PANTALLAS 40 - 43 PU,XGBoost,5000,58,288247,1.0,0.7098855209059042,0.0013841727265829415,0.001024215779405959
2717437,DDD55A5474KANDROIDTVSLIMD,TCL,PANTALLAS 55-58 PULG,XGBoost,7800,60,468968,1.0,0.6677651163849535,0.001617618272470872,0.00124261211367103
2718510,DDDRMA300FJMRE0REFAUT11PSILVERC/DE,MABE,REF AUTOM 2PT 11FT,XGBoost,10800,50,540670,1.0,0.45748149966885515,0.0014068007293429156,0.0010686595548665332
2726970,DDDUN32T4310AFXZXPANTALLA32HDSMART,SAMSUNG,PANTALLAS 32 PULGADA,XGBoost,4600,116,530722,0.9999999403953552,0.6406641214238452,0.00952746737051674,0.007012224197387696
2732815,DDD32A343/32A34532PANDROIDTVHD,TCL,PANTALLAS 32 PULGADA,XGBoost,3900,87,340594,0.999999463558197,0.7692754100060205,0.022931529643490576,0.0177572766939799
2750353,DDDTV-775G40NTFXFHD2040PFHDSNETFLIX,GHIA,PANTALLAS 40 - 43 PU,XGBoost,5000,46,231450,1.0,0.40977237628817903,0.0019518638720975301,0.0015113897490919683
2756310,20KCILINDROGASDISA,DISA,CILINDRO DE GAS,XGBoost,3400,39,133387,0.9999962449073792,-0.444579570222175,0.02773505917077069,0.020751171845656176
2756773,WT1130MREF11PSILVER,WHIRLPOOL,REF AUTOM 2PT 11FT,XGBoost,9000,55,499518,0.9999961256980896,-0.5601073200521103,0.032291662696186524,0.023611284255981444
2756774,WT1133MREF11PDEPSILVER,WHIRLPOOL,REF AUTOM 2PT 11FT,XGBoost,10200,27,272228,1.0,-0.4682451714660703,0.0014640737359700841,0.0011403549555689097
2756901,DDD32LQ630BPSA32PFHDHDR10ALEXA,LG,PANTALLAS 32 PULGADA,XGBoost,4400,107,474525,0.9999997615814209,0.5679473345814329,0.02324882466588264,0.01747756806489463
2765136,DDD43UQ8000PSBPANTALLA43P4KHDRWEBO,LG,PANTALLAS 40 - 43 PU,XGBoost,7100,77,548061,0.9999999403953552,0.6240155966348159,0.004630673994816534,0.0034550611789409933
2773105,2Q-CA-GGRISPARRILLAGAS2Q.CUB./ACERO,SUPER FLAMA,PARRILLA GAS MESA,XGBoost,485,65,31701,0.9999961256980896,-0.6112285445886342,0.03400500771255127,0.02520332627624046
2773106,2Q-RROJOPARRILLAGAS2Q.ROJO,SUPER FLAMA,PARRILLA GAS MESA,XGBoost,388,72,27837,0.9999856948852539,-0.5235977635085569,0.08544630560829575,0.06771341716970196
2773107,4Q-CAGGRISPARRILLAGAS4Q.CUB./ACERO,SUPER FLAMA,PARRILLA GAS MESA,XGBoost,793,130,103219,0.9999940395355225,-0.5228715584900332,0.05901947735560575,0.04278589204977487
2773109,4Q-NNEGROPARRILLAGAS4QNEGRO,SUPER FLAMA,PARRILLA GAS MESA,XGBoost,870,69,60008,0.9999982714653015,-0.5240105381519836,0.02470218872369592,0.018679007319093662
2775003,DDD50UQ9050PSCPANTALLA50P4KHDRWEBO,LG,PANTALLAS 48 - 50 PU,XGBoost,8400,53,449784,0.9999999403953552,0.5789869468605887,0.004615307195497008,0.0036151034491402763
2775004,DDD55UQ9050PSCPANTALLA55P4KHDRWEBO,LG,PANTALLAS 55-58 PULG,XGBoost,9800,30,292900,1.0,0.48310406107303444,0.001509781033990563,0.001175579725895659
2775907,DDDL24C7500QNPANTALLA24PLEDHD,WINIA,PANTALLAS 24- 29 PUL,XGBoost,2800,36,100371,0.9999998807907104,0.6113088107724023,0.0028275162150574597,0.002252441110362395
2776520,DDDCOM048NEGROCOMBODESAYUNOESPECIAL,PROCTOR SILEX,PAQUETE ELECTRODOMES,XGBoost,2300,26,60533,0.9999999403953552,0.6306331163184272,0.001796933274543352,0.0014876701213695385
2786548,DDD55A65HVPANTALLA55P4KDVVIDAATV,HISENSE,PANTALLAS 55-58 PULG,XGBoost,8500,69,587469,0.9999999403953552,0.6503262798272433,0.0070732011258418555,0.0051608530749731206
2786549,DDD65A65HVPANTALLA65PK4KDVVIDAATV,HISENSE,PANTALLAS 60 - 65,XGBoost,12000,42,511046,1.0,0.6596701949710227,0.0009890745797884097,0.0007787872763241039
2787230,LRK-17ALAVMAN17KAZULNINA,KOBLENZ,LAV MANUAL 15KG A 18,XGBoost,3400,75,255312,0.999997079372406,-0.6130740416429428,0.04350902920283482,0.03171760030090809
2807627,DDD50A65HVPANTALLA50P4KDVVIDAATV,HISENSE,PANTALLAS 48 - 50 PU,XGBoost,7600,31,238660,1.0,0.5991002288392139,0.002249845352276002,0.0016461904498114102
2810923,EMH7602JBS0ESTUFA30PENCELECCAPSIS,MABE,ESTUFA 30P ENC ELECT,XGBoost,8500,96,816265,0.9999986886978149,-0.41903725580679796,0.027892467530419518,0.019448087570515086
2810924,DDDEMH7602JS0ESTUFA30PENCELECCAPS,MABE,ESTUFA 30P ENC ELECT,XGBoost,7500,62,462232,0.9999999403953552,-0.5895970694751176,0.002237187785041036,0.0016056545037291434
2819895,MDRT280WINDXWREFRI.AUT10PDESPSILVER,MIDEA,REF AUT 2PT 9FT-10FT,XGBoost,6900,54,373039,0.9999998211860657,-0.443224036001591,0.006931968265481029,0.00511956555749645
2821515,RR16D6AGX1FRIGOBAR1.6PSILVER,HISENSE,FRIGOBAR,XGBoost,2600,19,49077,1.0,-0.6256818022906763,0.0015940356338193884,0.0011891763911012615
2821519,WM1514DSILVERHORNODEMICROON.7,WHIRLPOOL,HORNO MICROONDAS,XGBoost,3100,24,71953,0.9983116388320923,-0.5245548642549612,0.29705151264481366,0.06036048309475768
2821729,GCSTEP2502013PLANCHA2502VINO,OSTER,PLANCHA,XGBoost,594,60,35745,0.9999954700469971,-0.45559764304957917,0.03046117136429117,0.02206729787640867
2822670,DDD40A4HVPANTALLAFDHSMARTTV40P,HISENSE,PANTALLAS 40 - 43 PU,XGBoost,4400,10,41772,0.9997920393943787,0.44557076173892607,0.22014583678702923,0.03856429489709998
2824254,MGE11XAFSILVESPMICROONDAS1.1,G. E.,HORNO MICROONDAS,XGBoost,2300,78,175835,0.9999998807907104,-0.41609004627606466,0.0038562320767641383,0.0030766292051835494
2824304,DDD19-10-0-052MDO/BCOPLANCHADISAIRO,DISA,PLANCHA,XGBoost,532,37,19485,0.975622832775116,-0.4658130963916887,0.958343427205435,0.31078654691581115
2824316,FFFFV1950X0PLANCHAEASYSTEAMCERAMDR,TEFAL,PLANCHA,XGBoost,413,43,17601,0.9999746680259705,-0.40987859728341663,0.04847856422282109,0.03521702164097836
2824318,FV2860X0PLANCHAEXPRESSSTEAMDRESSBLU,TEFAL,PLANCHA,XGBoost,789,39,30826,0.999987006187439,-0.40129462454754555,0.02701952454749375,0.019015255841341887
2826976,LH32BETBDGKXZXPANTALLA32HDSMARTTV,SAMSUNG,PANTALLAS 32 PULGADA,XGBoost,3600,166,600768,0.9999982714653015,-0.5854791980974409,0.07152799592520723,0.05297139595294821
2829728,DDDFFFGCSTEP2501013PLANCHA2501GRIS,OSTER,PLANCHA,XGBoost,646,8,4877,0.9999999403953552,-0.42678660964463555,0.0014944904392100574,0.0010067939758300782
2831443,DDDGT32WPKREF11PDESPINVSILVER,LG,REF AUTOM 2PT 11FT,XGBoost,9700,24,230860,0.9999999403953552,-0.6132156349203772,0.0016795001987730304,0.00122611505839114
2831448,WT21WT6HKALAV.AUT21KBCA,LG,LAV. AUTOM 21KG,XGBoost,11000,34,376012,0.9999999403953552,-0.4010039597139521,0.002322034612445952,0.0018011173360968288
2833281,DDD32A4KVPANTALLA32PHDSMARTTV,HISENSE,PANTALLAS 32 PULGADA,XGBoost,2900,210,606969,1.0,-0.6249963673318252,0.005785112380457161,0.00436726683064511
2836830,WT25WT6HKLAV.AUTOM25KBCA,LG,LAV. AUTOM 23KG O MA,XGBoost,14600,12,180407,0.9598280191421509,-0.4166904665519557,0.7137479717417741,0.2273856596559954
2838333,8MWTW2224MPMBCOLAVAUT22K,WHIRLPOOL,LAV. AUTOM 22KG,XGBoost,9500,92,875959,0.9999992251396179,-0.6504676207161963,0.01572481536267683,0.011798070208861096
2839816,DDDWT02209DREF9PSILVERINVERTER,WHIRLPOOL,REF AUT 2PT 9FT-10FT,XGBoost,8000,118,944503,0.9999966621398926,-0.48898879911576093,0.04581717879380672,0.032694089169404944
2839818,DDDWT32209DREF9PC/DESSILVERINV,WHIRLPOOL,REF AUT 2PT 9FT-10FT,XGBoost,7800,89,700544,0.9999990463256836,-0.4562466438328348,0.01649531927408373,0.012010110700502992
2840173,DDDPS-NFME2900BDSIILVERREF9PC/DESP,OSTER,REF AUT 2PT 9FT-10FT,XGBoost,8500,44,378238,1.0,-0.5603668559991103,0.0011000469654900218,0.0008012914192303025
2841994,43UR7800PSBPANTALLA43P4KHDRWEBOS,LG,PANTALLAS 40 - 43 PU,XGBoost,13100,41,541597,0.9999997615814209,-0.44419337318746344,0.013119429653627048,0.009939471494804309
2848118,EM5030BAIS1ESTUFAGAS20PSIL,MABE,ESTUFA 20P CERILLO D,XGBoost,4900,35,169821,0.9999995827674866,-0.5996251649644019,0.008386275487528646,0.00613421522161012
2848119,EM5032BAPS1ESTUFAGAS20PSILVER,MABE,ESTUFA 20P CERILLO D,XGBoost,4200,67,279717,0.9999988079071045,-0.5817341094455033,0.0151321828361036,0.011240760485331217
2848124,EM5043BFIS1ESTUFA20PSILE/E,MABE,ESTUFA 20P ENC ELECT,XGBoost,5700,27,152711,0.9999999403953552,-0.518841759441622,0.0017493221366050842,0.0012332656362559647
2848125,EM5046CAIX1ESTUFAGASCAP20PSIL,MABE,ESTUFA 20P ENC ELECT,XGBoost,7200,9,63080,1.0,-0.4954908944865416,0.0010328444064128628,0.0007715393608362463
2848127,EM7620BAIS2ESTUFA30PCERILLOSILV,MABE,ESTUFA 30P CERILLO,XGBoost,6500,44,287870,0.9999999403953552,-0.4077620837428518,0.0038635635449577087,0.0028037075142830956
2848128,EM7622BAPS2ESTUFA30PCERILLOSILVER,MABE,ESTUFA 30P CERILLO,XGBoost,5700,211,1192155,0.9999998211860657,-0.5585463673235217,0.012845098653301723,0.009686411695277437
2848130,EM7641BAIN2ESTUFAPISO30PCOPNEG,MABE,ESTUFA 30P CERILLO,XGBoost,5700,18,100174,0.9999999403953552,-0.6509501638555585,0.0016253497710007642,0.0012435171339246962
2848133,DDDEM7647BSIS2ESTUFAPISO30PEESILVE,MABE,ESTUFA 30P ENC ELECT,XGBoost,9000,22,193212,0.9989213943481445,-0.45509515339811285,0.2785536140020166,0.053405994632189036
2850590,BL710WMNEGROLICUADORA3VELBLENDER,NINJA,LICUADORA,XGBoost,2200,840,1841033,1.0,-0.7641804629001121,0.02456064275613426,0.018094435982082203
2852765,LMA77113CBAB0BCOLAVAUTOM17K,MABE,LAV AUTOM 14KG A 17K,XGBoost,7400,242,1782986,0.9999995231628418,-0.5879552655815444,0.02585055498778727,0.019495979268500146
2852768,RMA300FJMRM0INOXREFAUT11PC/DESP,MABE,REF AUTOM 2PT 11FT,XGBoost,10500,47,492819,0.9999998211860657,-0.6449772255948483,0.007862683074889588,0.005966557179699125
2852769,RMA300FYMRM0INOXREFRIAUT11PDES,MABE,REF AUTOM 2PT 11FT,XGBoost,8400,323,2724363,0.999999463558197,-0.7185228579458451,0.02976527711491352,0.02183272990774601
2852771,RME360PVMRM0INOXREFAUT14P,MABE,REF AUTOM 2PT 14FT,XGBoost,12500,32,393935,0.9999982714653015,-0.43511945441215766,0.0162708189769687,0.011357113718986511
2853935,EK3131FDIIRLEEST30PE/EAFFIRENZECAP,KOBLENZ,ESTUFA 30P ENC ELECT,XGBoost,9400,65,614592,0.9999995827674866,-0.431962088343669,0.011303703407802956,0.008548139186387652
2854108,DDD43A6KV4KVIDAA43P,HISENSE,PANTALLAS 40 - 43 PU,XGBoost,5200,112,579021,0.9999999403953552,0.45425271603191486,0.008315437091663904,0.006122293926420666
2861934,BPKM-800INBATIDORADEPEDESTAL,KOBLENZ,BATIDORA ELECTRICA,XGBoost,1700,10,16570,0.9999997615814209,-0.4511549654089469,0.0014129801078483788,0.0010498528274166467
2875000,OS-DFKE211SSREFRIGERADOR8PSILVER,OSTER,REF AUT 2PT 8FT O ME,XGBoost,6100,79,479637,1.0,0.455737111151157,0.0013162759222904604,0.000981816539057979
2883957,DDD43A7K4K43PANDROIDTV,HISENSE,PANTALLAS 40 - 43 PU,XGBoost,7800,56,441381,1.0,0.6008375659344956,0.001166594125574865,0.0008365138102385957
2887529,MGS30FS1BEABBESTUFAE/E30PNGO,MIDEA,ESTUFA 30P ENC ELECT,XGBoost,6100,34,206694,0.999213695526123,-0.4218648809275327,0.26112607038714025,0.04711013129263213
2892421,LMX79114WBAB0BCALAVADORAAUT19K,MABE,LAV. AUTOM 19KG,XGBoost,10100,56,560322,0.9999999403953552,-0.5655524725480522,0.00617731408682597,0.004553791076417953
2895890,EY505850NGROFREIDORADEAIREDIGITAL4,TEFAL,FREIDORA ELECTRICA,XGBoost,1700,19,32010,0.9999999403953552,-0.49280671008033494,0.0015759887179967508,0.0011998440767096918
2895891,FV1052X0ROSAPLANCHASTEAMESSENCIAL10,TEFAL,PLANCHA,XGBoost,460,19,8591,0.9999999403953552,-0.4274412769766407,0.0011330578002864608,0.0008710118465472099
2895977,ATENEAESTUFA20PE/EGRIS,SUPRA,ESTUFA 20P ENC ELECT,XGBoost,6300,14,89355,1.0,-0.4242605455259345,0.001305647213309121,0.0009879599383566529
2896032,LN8205MXROJOLICINFINYFORCEXL10VROJ,TEFAL,LICUADORA,XGBoost,575,25,14488,0.9999999403953552,-0.4057988695205175,0.001513111483247821,0.0011820636363700033
2896515,RS19N6WCXDUPLEXDESP18PINOX,HISENSE,DUPLEX,XGBoost,14300,67,956349,1.0,-0.4243304801590056,0.0014475667507292467,0.0011165251926286146
2899066,EM5022BAPN1ESTUFACERRILLO20PNGO,MABE,ESTUFA 20P CERILLO D,XGBoost,4000,72,290869,1.0,-0.5599921998363739,0.0018701170134272202,0.0014151510645131595
2899528,AFR2000GESTUFAMAN30POXF,ACROS,ESTUFA 30P CERILLO,XGBoost,5800,98,563711,1.0,-0.6784458480942622,0.001966975559664721,0.0015093609690666199
2899529,AFR4010BESTUFAMAN30PNGO,ACROS,ESTUFA 30P CERILLO,XGBoost,4800,54,257369,0.9999999403953552,-0.6311074248649182,0.0029234256499915015,0.002263979419755439
2910570,50180FGLICUADORA1.4LNGO,HAMILTON BEACH,LICUADORA,XGBoost,448,15,6674,0.9999999403953552,-0.5461348337866089,0.0012595969661360947,0.0010383064682419237
2910579,K32V2432PSMARTHDVIDAA,KIUNIT,PANTALLAS 32 PULGADA,XGBoost,2400,447,1072453,1.0,-0.4124722543106864,0.001652107772349473,0.001355635153280722
2914560,B09N6NPRZP4KAMAZONFIRETV50P,AMAZON,PANTALLAS 48 - 50 PU,XGBoost,4000,75,299021,1.0,-0.8678103460428017,0.001100495897402177,0.0008281469345092773
2918182,55UR7800PSB55P4KHDRWEBOS,LG,PANTALLAS 55-58 PULG,XGBoost,7600,101,769892,1.0,-0.5976479970720531,0.0012508604409273419,0.0010360399881998697
2918185,DDD65UR7800PSB65P4KHDRWEBOS,LG,PANTALLAS 60 - 65,XGBoost,9400,88,823241,1.0,-0.6405043828456134,0.0014299883054887893,0.0010603843851292388
2918454,DDD58S45358P4KROKUTVSLIM,TCL,PANTALLAS 55-58 PULG,XGBoost,6100,14,85920,1.0,-0.44356123759393,0.0009303812215353196,0.0007434017723426222
2918559,RT35DG5224S9EMINOXREFAUT12PC/DESP,SAMSUNG,REF AUT 2PT 12FT-13F,XGBoost,10600,27,285471,1.0,-0.6307388135004423,0.0012948745278545102,0.0009782728739082813
2920668,DDDSHEK-5131FDIIRIKESTENCELECT30PI,KOBLENZ,ESTUFA 30P ENC ELECT,XGBoost,8700,18,159621,0.994966447353363,0.5327135630874198,0.9938846936526133,0.22052804435171733
2922179,UN65DU704KUHDBTHDR65P,SAMSUNG,PANTALLAS 60 - 65,XGBoost,10600,207,2191620,1.0,-0.43053746161292555,0.0014152375834808298,0.0010926940224387429
2925153,730NFUENTEDESODAS,HAMILTON BEACH,CHOCOMILERA ELECTRIC,XGBoost,818,30,24566,1.0,-0.4411591724243061,0.0013180705211365488,0.001045725562355735
2925788,DDDTT1A11MXBLANCOTOSTADORVITA2REBA,TEFAL,TOSTADOR ELECTRICO,XGBoost,356,15,5287,1.0,-0.41703330559106827,0.0008954371881747731,0.0006866388850741916
